gender,mod_resource_course_module_viewed,user_profile_viewed,mod_forum_course_module_viewed,discussion_viewed,event_course_viewed,assessable_uploaded,feedback_course_module_viewed,feedback_response_submitted,post_created,final_grades
Male,20,6,38,13,91,1,8,4,1,A
Male,2,1,1,3,28,1,6,5,1,B
Male,8,7,5,1,53,2,4,4,0,B
Male,9,4,9,10,40,2,3,3,1,B
Male,2,4,8,2,25,1,6,4,0,B
Male,0,1,11,7,29,1,3,3,1,B
Female,12,2,42,19,62,1,5,3,1,A
Female,32,2,27,14,92,1,8,5,0,A
Male,7,2,14,12,33,1,11,4,1,A
Female,22,0,6,9,26,1,6,3,1,B
Female,7,1,5,8,35,2,5,5,2,A
Male,10,0,14,2,37,0,2,2,0,B
Male,11,3,20,8,69,1,5,4,1,A
Male,1,0,0,3,22,1,5,5,1,B
Male,12,1,13,11,64,1,4,3,1,A
Male,6,0,11,7,42,1,4,3,1,A
Male,3,0,5,9,28,3,8,4,1,A
Female,11,0,16,21,56,2,8,5,2,B
Male,6,5,5,6,20,1,8,1,1,B
Male,8,0,5,4,37,2,7,4,2,A
Male,12,1,22,3,59,1,6,3,1,A
Male,8,8,44,12,82,2,6,4,1,A
Male,1,0,0,3,28,1,7,5,1,A
Male,4,5,14,13,44,2,6,4,1,A
Male,6,4,4,11,48,2,5,5,1,A
Female,33,0,8,11,164,1,9,5,1,B
Male,9,1,37,15,57,1,9,6,1,B
Male,6,1,4,9,38,2,3,3,2,B
Male,9,0,12,13,55,1,5,5,1,B
Male,3,0,1,0,30,0,5,4,0,B
Female,1,3,4,9,34,1,13,4,1,B
Male,9,0,4,4,29,2,8,5,1,B
Male,15,9,11,7,45,3,5,5,1,A
Male,6,3,21,34,49,1,4,3,1,A
Male,7,2,12,7,37,1,4,4,1,B
Male,8,0,2,4,27,1,5,4,1,B
Male,8,0,8,4,34,1,9,4,1,B
Male,7,0,10,9,47,2,6,5,2,A
Male,15,14,35,11,97,1,7,5,1,B
Male,6,2,10,6,20,1,0,0,1,A
Male,23,34,82,35,99,4,6,5,2,A
Female,14,2,17,11,74,1,5,4,1,A
Male,8,19,31,15,70,1,20,5,1,B
Male,13,1,5,5,34,1,5,5,1,A
Female,15,3,31,12,70,1,8,3,1,A
Female,3,0,8,20,33,2,8,2,2,B
Male,12,0,4,5,26,2,3,3,1,B
Male,12,3,6,5,44,1,5,5,1,B
Male,6,2,12,7,43,1,8,5,1,A
Male,3,2,12,11,24,2,2,2,2,B
Male,29,3,44,32,120,1,13,5,1,A
Female,1,0,5,1,19,1,7,5,0,A
Male,15,0,2,0,38,0,7,4,0,A
Male,4,0,2,2,27,0,2,2,0,A
Male,11,4,17,19,37,2,5,5,2,B
Male,7,3,6,5,54,1,7,5,1,B
Male,17,3,4,1,34,0,7,5,0,B
Male,12,1,10,14,48,3,4,4,1,A
Male,3,1,4,7,24,1,7,5,1,A
Male,1,0,0,0,4,0,2,1,0,C
Female,1,0,1,4,25,1,3,3,1,A
Male,7,3,14,11,47,3,6,5,3,B
Male,15,4,20,13,65,2,8,2,1,A
Male,2,0,1,1,16,1,9,4,1,A
Male,14,0,7,3,59,1,4,4,1,A
Male,11,4,41,22,67,2,10,4,1,B
Female,10,5,28,28,59,4,9,5,3,A
Male,0,0,0,5,3,1,0,0,1,B
Male,9,0,31,4,48,1,5,4,0,A
Male,9,0,7,1,34,1,5,4,0,B
Female,10,1,15,20,68,2,4,4,1,A
Male,12,0,13,5,82,1,5,4,1,A
Male,6,0,8,12,45,2,5,5,1,A
Male,7,1,7,3,22,1,1,1,1,C
Male,10,12,44,18,81,3,7,5,1,A
Male,10,3,13,5,33,1,5,5,1,B
Female,9,0,9,7,36,1,5,4,1,B
Male,8,0,0,0,23,0,5,5,0,A
Male,1,1,3,0,15,1,7,5,0,B
Male,2,2,25,18,57,2,4,3,2,A
Female,2,2,6,3,30,1,6,5,0,A
Male,13,1,19,15,52,3,4,4,3,B
Male,1,0,6,1,36,0,6,5,0,A
Male,7,0,11,3,44,1,5,3,1,B
Female,15,1,17,8,54,2,3,3,1,B
Male,10,0,17,11,55,1,5,5,1,A
Male,3,2,11,3,23,1,5,2,1,B
Male,8,4,26,18,54,1,6,5,1,A
Male,8,0,0,4,18,1,3,3,1,A
Male,7,4,12,13,32,1,8,5,1,B
Male,5,1,11,14,41,1,3,3,1,A
Male,22,0,51,27,88,1,8,4,1,A
Male,15,1,10,2,59,1,5,5,0,B
Male,10,1,19,10,64,1,4,4,0,B
Male,5,5,28,16,63,2,5,5,2,A
Male,5,0,4,4,31,1,3,3,1,A
Male,6,0,6,9,34,1,7,3,1,A
Female,4,0,7,4,60,1,6,5,1,B
Female,9,0,6,11,32,1,3,3,1,B
Male,1,0,1,4,29,1,5,4,1,B
Male,8,1,21,18,68,2,7,4,2,A
Male,21,2,34,15,90,1,7,5,1,A
Male,1,0,1,2,15,0,2,2,0,C
Male,6,3,11,5,34,1,3,3,1,B
Male,4,1,6,3,19,1,2,2,1,B
Male,5,2,7,5,43,2,5,4,1,B
Male,9,0,7,4,33,1,4,3,1,A
Male,19,0,5,3,42,1,4,1,1,A
Male,0,0,2,5,14,1,4,3,1,C
Male,6,3,3,3,21,1,5,4,1,B
Female,7,1,17,9,44,1,4,3,1,A
Male,1,2,0,7,29,0,5,5,0,A
Male,17,1,14,9,71,1,4,4,1,A
Male,12,2,5,10,37,1,4,4,1,B
Male,14,2,21,5,64,1,12,4,0,A
Male,10,0,10,15,57,1,5,5,1,B
Male,13,3,11,5,38,1,4,1,1,A
Male,0,8,2,4,17,2,3,3,2,C
Male,11,10,22,26,76,1,13,4,1,A
Male,4,1,2,2,19,1,2,2,1,B
Male,12,3,12,14,38,1,5,4,1,B
Male,4,1,6,10,32,2,8,3,2,C
Male,4,1,5,10,18,3,3,1,3,B
Male,9,3,4,6,38,1,5,1,1,B
Male,2,0,2,5,21,1,5,5,1,A
Female,13,5,25,12,102,1,9,5,1,A
Male,9,0,12,6,40,1,4,4,1,A
Male,0,0,1,2,13,1,8,4,1,C
Male,6,5,7,1,19,0,4,1,0,A
Male,32,7,39,21,71,1,3,3,1,B
Male,6,0,7,6,26,1,3,3,1,B
Male,6,0,1,6,14,1,4,4,1,B
Male,5,0,1,2,23,1,3,3,1,B
Male,11,0,5,4,30,1,5,5,1,A
Male,4,2,3,7,31,1,3,3,1,A
Male,4,1,4,7,24,1,3,3,1,B
Male,7,2,9,12,15,1,1,1,1,B
Male,12,1,6,5,47,2,4,4,1,A
Male,9,4,17,17,41,2,4,3,1,A
Male,1,1,6,6,15,1,6,5,0,A
Male,0,0,4,3,23,1,5,4,1,B
Female,6,1,19,8,55,1,7,5,1,A
Male,3,3,10,9,23,2,1,1,2,A
Female,6,3,4,4,43,2,4,4,2,B
Male,9,1,4,12,29,2,6,5,2,A
Female,13,2,25,17,58,3,6,5,3,A
Male,12,6,18,15,36,2,10,5,2,B
Male,10,3,15,7,37,1,7,3,1,A
Male,6,1,16,6,40,1,3,3,1,A
Male,14,3,18,6,58,1,6,5,1,A
Male,10,0,33,16,82,2,6,4,1,B
Male,3,0,5,5,18,1,3,3,1,B
Male,13,10,41,45,73,4,4,4,3,A
Male,15,3,11,6,37,1,4,4,1,B
Female,16,0,25,11,45,2,4,4,1,B
Female,4,0,6,6,33,1,5,4,1,A
Male,13,4,49,34,81,5,6,4,4,A
Male,1,2,4,3,27,1,5,4,0,B
Male,5,0,1,3,21,1,5,5,1,A
Male,6,1,16,9,32,1,5,5,1,A
Male,9,9,14,6,26,1,3,3,1,A
Male,4,4,3,8,24,1,12,5,1,A
Male,6,5,11,16,44,1,8,4,1,B
Male,14,1,11,8,51,2,6,4,1,B
Male,9,24,15,18,43,3,7,3,2,B
Male,6,8,7,4,33,0,4,4,0,B
Male,1,1,2,2,12,1,1,1,1,B
Female,5,1,4,1,23,1,3,3,0,A
Male,5,2,7,11,48,2,7,3,2,A
Male,15,1,11,7,64,1,10,2,1,A
Male,1,2,7,2,33,1,6,5,1,A
Male,18,6,20,16,91,2,5,5,1,A
Male,14,1,4,6,49,1,2,2,1,B
Male,8,0,2,2,25,1,3,3,1,B
Female,4,0,3,4,23,1,6,2,1,C
Male,5,5,3,10,35,2,5,5,1,A
Male,4,0,2,4,21,1,2,2,1,C
Male,3,0,8,2,21,1,4,2,0,C
Male,7,2,7,4,48,1,4,4,1,A
Male,7,0,14,9,47,2,10,0,1,A
Female,5,1,2,7,37,1,8,5,1,B
Female,10,0,4,5,30,1,5,4,1,B
Female,1,1,4,5,37,1,5,3,1,B
Female,14,0,4,1,30,1,4,4,0,B
Male,35,7,9,4,72,1,6,5,1,B
Male,8,4,9,4,23,1,6,3,0,B
Female,17,9,39,12,96,1,5,5,1,A
Female,9,9,62,25,77,1,11,5,1,B
Male,16,1,26,10,97,1,8,5,1,A
Male,6,0,7,8,26,1,3,2,1,B
Female,9,1,5,12,64,2,4,4,1,A
Male,10,9,34,33,68,2,5,5,1,A
Male,2,1,7,3,39,1,4,3,1,C
Female,14,1,14,5,51,1,4,4,1,A
Female,7,5,4,3,32,1,3,3,1,A
Female,31,5,24,8,106,1,7,4,1,A
Male,15,9,3,6,41,1,10,5,1,A
Female,30,10,29,18,127,1,8,4,1,A
Male,13,6,12,16,29,6,5,5,2,A
Male,11,10,7,7,48,1,6,5,1,B
Male,8,5,7,7,56,1,4,4,1,B
Male,2,1,1,5,26,1,4,3,1,B
Male,35,4,32,14,121,2,8,5,0,A
Male,6,0,6,5,24,1,4,3,1,B
Male,13,2,7,5,56,2,5,5,2,B
Female,18,0,4,5,24,1,1,0,1,B
Female,7,0,4,11,36,1,3,3,1,A
Male,2,0,0,5,20,1,5,5,1,B
Male,0,1,2,3,15,1,5,3,1,C
Male,3,7,11,9,40,1,6,5,1,A
Male,15,0,8,1,49,1,7,4,0,B
Female,12,2,23,3,101,0,5,5,0,A
Male,0,0,2,5,17,1,3,2,1,B
Female,8,2,13,1,37,0,7,3,0,B
Male,25,7,18,7,70,1,4,4,1,A
Male,16,2,11,4,47,1,5,5,0,A
Female,12,3,23,10,73,1,3,3,1,B
Male,9,1,16,3,40,1,4,3,0,B
Male,8,0,3,7,39,1,6,5,1,A
Male,10,2,11,17,53,2,4,3,1,A
Female,8,0,23,9,51,3,5,1,3,B
Female,18,5,23,19,59,3,5,4,3,B
Male,9,2,11,6,52,1,6,4,1,B
Male,11,0,5,12,20,1,2,2,1,B
Female,18,2,12,5,35,2,6,5,2,A
Male,8,2,12,4,45,1,4,4,1,B
Male,9,1,8,7,32,1,1,1,1,B
Male,16,4,21,13,58,1,6,5,1,B
Male,1,0,7,7,30,1,12,5,1,B
Male,5,1,15,9,56,1,5,4,1,A
Male,1,1,3,7,19,1,5,4,1,B
Male,2,0,1,0,15,0,4,4,0,A
Male,10,6,21,8,49,1,9,0,1,A
Male,12,2,37,11,100,1,12,5,1,A
Male,9,2,9,5,34,1,3,3,0,A
Female,9,1,13,10,72,1,5,5,1,A
Male,6,1,8,10,42,2,6,5,1,A
Female,10,1,15,19,49,1,5,4,1,A
Male,9,0,30,29,49,5,6,5,4,A
Female,10,2,8,14,50,1,3,3,1,B
Male,6,7,6,7,25,1,4,3,1,B
Male,17,16,10,12,81,1,6,5,1,B
Male,3,0,3,4,21,1,4,4,1,B
Male,8,1,3,4,35,1,6,5,1,B
Male,1,0,4,6,21,1,2,2,1,B
Male,7,1,5,18,28,1,0,0,1,B
Male,9,8,16,3,83,1,11,4,1,B
Male,11,6,14,8,45,1,8,5,1,A
Female,9,0,5,6,56,1,6,5,1,B
Female,9,1,19,17,61,1,3,3,1,A
Male,2,0,2,3,12,1,2,0,1,C
Female,3,2,1,5,28,1,7,2,1,A
Male,8,0,7,4,37,1,5,3,1,B
Male,7,1,4,4,21,1,11,0,1,B
Male,15,5,19,2,50,1,4,3,0,B
Male,10,1,9,3,18,1,4,4,0,B
Male,22,5,30,13,74,1,6,5,0,B
Male,5,4,24,11,48,1,8,4,1,B
Male,2,13,26,8,81,1,15,5,1,B
Female,10,0,3,5,41,1,11,5,1,A
Male,8,3,14,8,54,2,5,5,2,A
Male,3,6,9,9,43,1,3,2,1,A
Male,2,1,26,13,47,0,7,4,0,A
Male,5,5,10,13,23,3,3,3,1,B
Male,8,4,17,10,45,1,5,5,1,A
Male,4,0,1,3,23,1,5,3,1,B
Male,11,1,16,10,41,1,5,4,0,B
Male,7,0,11,4,28,1,2,2,1,A
Female,14,0,2,5,36,0,7,3,0,B
Male,2,1,3,0,23,0,8,4,0,B
Female,1,0,3,5,26,1,4,1,1,B
Male,7,1,8,14,34,1,4,3,1,A
Male,3,0,2,4,29,1,8,3,1,C
Male,11,2,13,5,21,1,7,0,1,B
Male,8,6,18,8,30,1,2,2,0,B
Female,8,3,6,8,53,1,7,4,1,B
Female,11,0,6,1,33,1,4,4,1,B
Female,18,0,23,8,48,1,3,2,1,A
Male,2,0,3,4,28,1,4,4,1,A
Female,0,0,0,0,4,0,0,0,0,B
Male,10,7,3,3,35,1,5,4,1,B
Male,3,2,12,15,28,1,4,4,1,A
Male,7,0,9,7,35,2,4,3,1,A
Male,16,0,6,6,47,1,6,5,1,B
Male,15,1,5,3,46,0,6,6,0,A
Female,14,2,37,13,69,3,5,5,1,B
Male,12,2,16,3,46,1,5,5,0,A
Male,3,1,1,3,22,1,8,5,1,B
Male,6,5,14,23,45,2,7,5,2,B
Male,15,6,48,38,67,1,6,5,1,A
Male,7,1,5,5,40,1,5,4,1,A
Female,8,1,18,2,41,0,3,3,0,A
Female,7,2,21,12,61,0,3,3,0,A
Male,16,2,18,15,82,2,7,5,1,A
Female,11,0,17,15,53,2,5,5,1,A
Male,3,3,1,2,24,1,3,2,1,C
Male,2,1,6,5,26,1,3,3,1,B
Female,4,0,1,5,27,1,3,3,1,A
Male,11,12,70,78,124,7,6,5,5,A
Male,7,0,1,4,29,1,7,5,1,A
Male,5,1,11,4,30,1,5,0,1,B
Male,1,0,1,0,10,0,5,3,0,B
Male,3,0,6,3,24,1,6,4,1,B
Female,5,0,12,4,32,1,7,5,1,A
Female,9,0,5,5,34,1,4,3,1,A
Male,20,9,84,64,131,1,5,4,1,A
Male,4,7,16,11,34,2,3,2,1,A
Female,4,2,19,11,37,1,4,4,1,A
Female,10,0,1,3,36,1,6,3,1,B
Male,7,4,21,13,51,3,7,5,2,A
Female,7,0,5,6,19,1,4,3,1,B
Male,1,1,1,6,19,2,9,3,1,B
Male,7,0,6,3,41,1,5,4,1,A
Male,10,5,41,9,67,1,3,2,1,B
Male,8,1,2,3,30,0,7,5,0,B
Female,23,3,19,8,164,2,11,5,1,A
Female,5,2,26,26,83,1,7,4,1,B
Female,0,0,7,10,29,3,4,4,1,B
Male,4,3,12,0,33,1,6,2,0,B
Female,6,1,6,8,39,1,2,2,1,A
Male,1,0,3,5,16,1,2,2,1,C
Male,1,0,5,0,22,1,7,5,0,B
Female,12,2,21,10,77,1,5,4,1,B
Male,18,4,25,9,61,1,4,4,1,A
Male,2,1,6,2,28,1,6,5,1,B
Male,7,1,20,17,51,2,5,5,2,A
Female,6,1,15,18,55,3,7,5,2,A
Male,9,0,0,0,31,0,5,5,0,A
Female,20,1,6,7,55,1,9,4,1,C
Male,6,2,23,10,58,2,6,4,1,A
Female,6,2,13,20,43,5,11,4,3,B
Female,7,0,2,5,46,1,2,2,1,A
Male,6,3,13,7,41,1,5,5,1,B
Female,3,0,1,3,20,1,5,4,1,A
Male,17,6,62,33,117,1,7,4,1,A
Male,19,2,29,8,59,1,3,2,0,B
Female,14,1,6,8,42,1,2,2,1,B
Male,21,11,68,56,151,3,9,3,3,A
Male,9,0,7,5,38,1,4,4,1,B
Male,30,9,33,11,89,1,9,5,1,B
Male,9,0,4,4,45,1,5,5,1,A
Male,7,1,4,5,29,1,5,5,1,A
Male,5,1,5,4,20,1,8,2,1,C
Male,4,0,0,3,17,1,8,3,1,A
Male,8,3,8,8,28,1,3,3,1,A
Male,7,1,3,3,56,1,5,5,1,A
Female,5,0,5,3,28,1,2,2,1,A
Male,4,0,1,2,21,1,3,3,1,A
Male,9,1,5,8,34,1,5,4,1,B
Male,4,2,7,6,43,2,6,5,2,A
Male,14,12,32,23,102,3,11,5,2,A
Male,17,1,10,5,63,0,7,5,0,A
Male,16,4,9,12,45,1,5,4,1,A
Male,4,0,3,1,29,0,5,5,0,A
Male,10,7,10,6,57,2,11,0,1,A
Male,8,0,2,4,22,1,3,3,1,A
Male,4,0,6,5,17,1,3,3,0,B
Male,3,0,5,4,42,1,5,5,1,B
Male,14,9,16,18,83,5,8,5,3,A
Male,5,11,20,12,85,2,4,4,1,A
Male,3,0,2,5,22,1,3,3,1,A
Male,11,2,8,6,45,1,4,4,1,A
Male,1,5,2,3,41,1,6,5,1,A
Male,10,0,32,18,64,1,5,5,1,A
Male,13,1,5,11,49,3,3,3,3,B
Male,0,0,12,9,25,1,4,4,1,A
Male,19,0,31,6,88,1,4,3,1,B
Male,3,1,0,7,15,1,5,3,1,B
Male,10,3,3,4,38,1,4,4,1,B
Male,8,0,14,3,79,1,8,5,1,B
Male,9,2,26,18,62,1,11,5,1,A
Male,17,0,5,1,42,1,5,4,0,B
Male,11,3,0,1,28,0,2,2,0,A
Male,11,1,50,17,67,1,6,5,1,A
Male,14,1,13,7,61,2,5,5,1,A
Male,1,0,1,2,9,1,4,2,1,B
Male,6,7,12,18,57,2,8,3,1,A
Male,3,0,6,8,47,1,16,5,1,B
Male,3,0,5,3,20,1,6,5,1,B
Male,11,0,12,6,22,1,4,3,1,B
Female,12,1,45,23,102,2,5,4,2,A
Male,12,2,8,5,32,1,7,3,1,A
Male,11,4,17,13,56,1,4,3,1,A
Male,7,1,16,9,36,1,3,3,1,A
Male,1,2,3,2,15,1,5,4,1,B
Female,11,3,14,14,57,1,5,4,1,A
Male,9,0,12,6,50,1,5,4,1,B
Male,6,0,0,4,17,1,5,5,1,B
Male,15,1,9,0,55,1,2,1,0,A
Male,4,1,3,7,33,2,4,3,2,B
Male,7,4,6,7,27,1,17,5,1,B
Male,6,0,6,4,27,1,3,3,1,B
Male,5,5,4,8,27,1,4,3,1,A
Male,21,0,11,1,54,1,6,3,1,B
Male,3,3,6,4,23,1,3,3,1,A
Male,14,3,32,22,65,2,5,5,2,A
Male,8,0,7,5,47,1,7,5,1,B
Male,12,4,6,6,32,2,5,3,2,A
Male,5,1,9,6,49,3,4,2,1,A
Male,10,2,0,6,39,1,6,5,1,A
Male,4,1,10,17,28,5,3,3,4,B
Male,1,0,15,7,35,1,3,3,0,A
Male,3,1,1,7,25,1,4,4,1,B
Female,20,3,37,23,78,1,4,3,1,A
Male,15,1,9,5,35,1,17,1,1,B
Male,10,0,1,4,50,1,7,6,1,B
Female,11,3,5,12,32,1,7,4,1,B
Male,7,10,24,19,73,2,8,5,1,A
Male,10,1,3,5,29,0,6,3,0,A
Male,7,6,7,8,42,1,7,5,1,A
Male,5,4,1,12,30,3,3,3,3,B
Male,2,4,5,13,21,1,3,2,1,B
Male,30,1,18,8,98,1,8,6,1,A
Male,23,1,3,0,43,0,10,7,0,B
Male,19,2,11,4,81,1,6,5,1,A
Male,7,1,5,4,58,1,9,7,1,A
Female,15,0,3,3,52,1,10,9,1,B
Female,31,0,17,10,86,2,8,7,1,A
Male,25,8,41,14,96,1,10,8,1,B
Male,24,1,16,3,71,2,11,9,1,A
Female,6,2,7,5,73,1,12,9,1,A
Male,19,12,78,20,156,4,9,8,1,B
Male,34,0,16,9,110,1,8,4,1,B
Male,25,0,5,4,44,1,2,2,0,B
Male,12,1,2,5,42,2,8,6,1,B
Male,25,5,10,2,77,1,13,4,1,B
Male,19,0,3,0,63,0,17,0,0,B
Male,5,0,7,3,75,1,11,7,1,B
Male,34,0,8,4,70,1,5,4,1,C
Male,14,3,14,9,78,1,7,6,1,B
Male,43,2,7,4,101,2,8,4,1,A
Male,22,2,5,7,92,2,9,7,1,B
Male,8,0,4,0,42,0,7,6,0,B
Female,15,1,16,6,90,1,9,8,0,A
Female,29,3,37,3,85,0,4,3,0,A
Male,16,0,4,2,45,1,4,4,1,B
Male,12,0,6,3,79,1,9,7,1,B
Female,18,1,13,5,68,1,5,5,1,A
Male,18,9,38,12,102,1,7,7,1,A
Male,16,1,9,5,65,2,5,4,1,A
Male,25,0,3,4,52,1,9,7,1,B
Female,9,3,3,6,49,1,6,6,1,A
Female,0,0,7,3,18,1,2,2,1,E
Male,20,2,13,12,74,1,8,5,1,A
Male,44,3,9,5,82,0,2,1,0,A
Male,16,0,4,0,56,0,6,4,0,A
Male,7,0,1,0,18,0,3,2,0,B
Male,30,0,6,2,68,1,11,9,1,B
Male,16,0,8,0,44,0,7,5,0,A
Male,12,1,1,2,5,0,0,0,0,E
Male,35,0,5,0,84,0,6,5,0,A
Female,19,0,10,7,71,1,12,8,1,A
Male,17,0,8,1,52,0,13,0,0,B
Male,3,0,2,4,44,1,3,2,1,B
Male,15,0,2,4,34,2,9,3,1,A
Male,5,0,5,3,44,0,7,6,0,B
Male,24,0,33,23,118,3,8,8,1,A
Female,20,1,1,5,45,2,8,5,2,B
Female,17,0,13,8,108,1,8,7,1,A
Female,23,4,11,8,67,1,5,5,1,A
Female,30,1,5,17,85,2,6,4,1,A
Male,12,3,21,13,83,1,6,5,1,B
Male,4,0,1,0,30,0,3,3,0,B
Female,9,7,11,10,55,3,9,4,1,A
Male,4,0,3,8,54,3,9,8,1,B
Female,0,0,5,4,37,1,4,4,1,B
Male,26,3,27,13,97,2,4,4,2,A
Female,15,1,49,16,155,1,8,7,1,A
Male,3,0,5,4,31,1,3,1,1,B
Male,6,0,4,3,43,1,7,6,1,A
Male,33,2,20,5,88,1,14,6,0,B
Female,15,1,4,9,77,1,5,5,1,A
Male,17,2,3,0,28,0,6,4,0,B
Male,12,0,9,4,68,1,8,5,1,B
Female,17,14,61,34,183,1,9,8,1,A
Male,18,2,16,12,57,1,14,0,1,A
Female,17,2,4,8,49,3,2,2,1,B
Male,15,1,3,1,48,1,9,6,0,B
Male,24,1,3,0,52,0,4,2,0,A
Male,4,8,42,31,72,5,7,6,4,A
Male,9,0,20,12,78,3,10,5,3,A
Male,5,2,5,2,50,1,5,5,1,B
Female,8,0,4,9,92,1,6,6,1,A
Male,1,0,2,7,38,1,4,3,1,B
Male,15,0,9,7,60,1,12,8,1,B
Male,15,1,5,0,44,0,4,4,0,B
Female,17,2,20,12,122,1,8,5,1,A
Female,20,0,0,5,45,1,2,2,1,A
Male,14,0,1,0,54,0,4,3,0,B
Male,19,0,1,0,31,0,5,3,0,C
Male,18,5,21,9,77,1,8,7,1,A
Male,28,2,9,21,65,1,6,3,1,B
Male,30,3,9,5,74,1,11,2,1,B
Male,44,1,6,0,66,0,3,3,0,B
Male,15,11,35,27,83,2,10,8,2,A
Male,35,3,19,16,95,3,7,5,1,B
Male,18,11,63,42,80,5,14,5,2,A
Male,15,4,22,8,77,0,10,5,0,A
Male,31,7,22,12,101,1,8,6,1,A
Male,37,13,41,19,128,2,11,8,2,B
Male,5,0,2,2,26,1,15,3,1,C
Male,8,5,5,6,63,1,7,7,0,B
Male,28,2,32,16,78,1,15,3,1,A
Male,40,3,14,3,101,1,8,7,1,B
Male,18,2,14,3,63,1,7,7,1,B
Male,2,1,1,5,28,2,10,1,1,B
Female,17,5,9,12,69,1,11,5,1,A
Male,6,1,7,11,48,1,7,5,1,A
Male,10,4,15,3,50,0,8,7,0,B
Male,29,12,19,11,76,1,11,5,1,A
Male,19,0,6,3,54,0,6,5,0,B
Male,25,7,6,5,90,0,7,5,0,A
Female,25,0,1,0,62,0,13,1,0,B
Male,21,2,12,4,98,1,4,4,1,A
Male,20,0,1,3,44,1,4,3,1,B
Male,16,1,5,1,48,0,10,7,0,B
Male,27,4,9,10,73,1,5,4,1,B
Male,19,1,11,9,86,1,6,6,1,A
Female,9,0,7,5,55,1,4,4,1,B
Female,14,13,23,18,93,2,15,7,2,B
Female,5,14,18,11,57,1,4,4,1,B
Male,12,0,3,12,81,1,12,9,1,A
Male,23,0,0,0,46,0,2,1,0,B
Male,10,1,6,3,40,0,6,5,0,C
Male,28,1,23,10,77,1,8,7,1,A
Female,14,1,4,10,93,1,10,8,1,A
Male,33,7,22,14,107,0,9,4,0,B
Male,20,7,18,11,87,3,9,9,1,A
Female,14,1,6,2,67,1,8,6,1,A
Male,10,0,13,7,56,1,7,7,1,A
Male,18,6,38,21,122,1,7,6,1,A
Male,26,1,10,1,69,0,8,7,0,A
Male,33,3,25,14,87,4,6,4,3,A
Female,11,2,2,4,41,1,4,4,1,B
Male,27,0,7,8,54,1,5,4,1,A
Male,17,1,15,13,67,2,7,6,1,A
Male,18,1,8,3,69,1,6,5,1,A
Male,4,0,1,0,52,0,4,4,0,C
Male,13,1,10,14,73,3,5,4,3,B
Male,4,0,15,7,93,1,6,5,1,A
Female,20,3,33,28,94,2,5,4,2,A
Male,14,2,2,1,33,0,6,6,0,A
Male,22,3,14,11,53,1,4,4,1,A
Male,9,3,11,8,94,1,7,6,1,A
Male,27,1,6,5,56,2,4,4,1,B
Male,6,1,5,6,42,2,4,4,0,B
Male,14,7,8,11,54,3,6,6,1,B
Male,3,0,1,1,34,1,9,4,1,B
Female,3,0,5,5,77,2,6,5,1,B
Female,30,3,10,15,78,1,10,7,1,A
Male,7,0,6,5,41,1,11,5,1,B
Female,4,1,11,5,71,1,7,5,1,A
Female,20,0,5,2,86,0,12,9,0,A
Male,2,0,0,0,21,0,4,4,0,A
Female,10,5,12,8,88,1,5,4,1,B
Male,16,0,4,2,63,1,11,8,1,A
Male,16,2,18,15,84,1,8,5,1,A
Female,26,0,9,4,64,1,6,5,1,A
Male,30,9,30,16,91,1,14,1,1,A
Male,12,0,10,5,40,1,7,7,1,A
Male,8,1,4,4,42,1,3,3,1,A
Female,8,0,7,9,51,0,6,6,0,B
Male,12,0,7,4,37,1,4,4,1,B
Female,33,3,3,3,77,1,5,2,1,B
Male,17,0,9,6,48,1,5,5,0,C
Male,26,1,6,3,74,1,6,6,1,B
Male,8,1,6,7,25,1,4,4,1,B
Male,6,0,3,3,34,1,4,3,1,B
Male,7,1,28,18,96,1,7,4,1,A
Male,16,2,5,3,49,0,5,5,0,A
Male,15,0,10,8,57,2,7,6,1,A
Male,4,5,13,13,20,1,2,2,1,A
Male,10,1,2,1,36,0,7,7,0,B
Male,19,2,7,4,64,1,3,2,1,A
Male,26,5,16,6,97,1,9,6,1,B
Female,23,2,21,3,72,1,6,5,1,A
Male,25,4,14,8,54,1,7,6,1,B
Male,33,2,15,10,76,1,6,6,1,A
Male,23,2,12,8,84,1,11,7,1,B
Male,15,0,11,1,60,0,8,7,0,A
Male,43,1,23,24,122,2,4,3,1,B
Female,15,4,33,3,105,1,12,8,1,A
Female,11,2,12,6,59,1,6,5,1,A
Male,12,2,8,3,52,1,5,5,1,B
Male,26,4,28,13,120,1,7,6,1,A
Female,12,2,12,4,71,1,11,9,1,A
Male,9,0,6,0,50,0,4,2,0,B
Female,12,0,7,5,54,1,3,3,1,B
Male,5,2,6,5,58,1,10,8,0,B
Male,2,1,2,3,43,1,8,8,1,B
Male,21,12,19,18,85,2,7,4,1,B
Male,30,4,1,0,55,0,10,6,0,B
Male,33,6,33,33,97,2,12,7,2,A
Male,21,12,20,13,93,1,2,2,1,A
Male,28,1,13,16,75,3,7,4,2,A
Male,5,0,3,3,29,1,5,5,1,A
Male,4,4,4,2,31,1,7,6,0,B
Male,17,3,3,2,43,0,8,4,0,A
Male,20,0,15,6,83,1,10,8,1,A
Female,15,0,6,4,79,0,6,5,0,B
Male,12,1,7,0,51,0,6,3,0,C
Male,20,23,34,34,112,1,6,4,0,B
Male,5,1,12,13,59,1,5,5,1,B
Male,27,10,74,28,194,1,26,8,1,B
Male,26,2,19,10,81,1,7,4,1,B
Male,24,2,34,13,109,1,8,7,1,A
Male,15,0,10,7,88,2,12,5,1,B
Male,18,3,14,2,55,0,5,3,0,A
Male,24,7,180,83,189,1,16,11,1,A
Female,10,1,10,11,75,3,9,7,1,A
Male,15,1,6,6,62,1,7,3,1,A
Female,14,1,5,18,45,1,3,3,1,A
Male,6,0,3,0,41,0,7,7,0,B
Male,6,0,2,2,45,0,5,5,0,B
Male,9,0,5,4,46,1,14,0,1,A
Male,22,1,16,20,67,4,10,7,3,B
Male,15,6,24,11,89,1,8,6,1,A
Female,4,0,7,2,38,1,5,5,1,B
Male,2,2,6,3,43,0,4,4,0,B
Male,21,0,12,10,75,1,5,3,1,B
Male,21,1,14,7,72,1,6,6,1,B
Female,14,6,17,9,80,1,5,3,1,A
Male,40,0,6,7,103,1,4,4,1,B
Male,23,0,9,6,69,1,8,8,1,A
Male,30,1,16,4,117,1,13,7,1,C
Male,49,0,8,5,100,2,7,6,2,A
Female,32,7,16,14,135,1,19,0,1,A
Male,2,0,8,3,20,1,6,3,1,B
Male,11,2,7,5,37,1,4,3,1,B
Male,15,2,8,1,59,0,5,3,0,B
Male,7,0,6,17,49,2,1,1,2,A
Male,2,1,5,4,41,1,6,6,1,A
Male,10,4,8,4,43,1,7,6,0,B
Male,49,9,60,18,76,1,5,4,1,A
Male,26,2,14,3,79,1,4,4,1,B
Female,21,2,25,15,100,1,8,6,1,A
Male,3,1,7,7,23,1,1,1,1,A
Male,53,2,26,15,124,1,17,5,1,A
Male,18,6,9,7,55,1,6,5,1,A
Male,27,0,1,0,23,0,1,1,0,B
Male,23,1,15,3,81,0,9,8,0,A
Male,32,2,15,7,98,1,9,8,1,A
Male,14,4,13,18,68,1,10,7,1,A
Male,18,0,26,11,120,1,7,4,1,A
Male,11,0,1,3,30,1,12,4,1,A
Male,23,1,11,10,65,2,5,2,1,B
Male,19,8,12,10,62,4,7,5,1,A
Male,26,13,14,23,83,2,8,5,1,A
Male,15,1,11,10,58,1,7,7,1,A
Male,24,1,5,2,70,0,14,5,0,A
Female,23,9,47,26,141,2,10,7,1,B
Male,2,0,0,0,15,0,6,0,0,B
Male,14,1,12,10,49,2,4,4,1,B
Male,5,2,3,3,36,1,5,4,1,B
Male,12,2,9,7,60,1,8,4,1,B
Male,27,10,53,23,97,1,6,6,1,A
Female,20,0,2,3,72,1,4,4,1,B
Female,23,10,16,9,75,1,2,2,1,B
Male,4,0,3,4,27,1,7,7,1,B
Female,13,1,24,9,92,2,12,7,1,A
Female,8,1,14,13,94,0,0,0,0,B
Male,17,0,11,8,68,1,9,7,1,A
Male,33,2,39,14,126,1,7,4,1,A
Male,19,2,8,4,68,1,6,4,1,B
Male,17,0,3,2,55,1,7,6,1,A
Male,19,0,5,2,46,0,10,4,0,B
Male,13,0,0,0,39,0,4,3,0,B
Male,39,10,20,12,117,3,9,5,2,A
Female,3,1,6,5,39,1,8,1,1,B
Male,17,0,11,10,99,2,7,4,1,A
Male,29,1,26,12,80,1,7,6,1,A
Female,36,0,9,2,87,1,14,5,1,A
Male,21,0,2,7,60,2,4,3,1,A
Male,17,2,9,8,61,1,11,3,1,B
Male,14,0,4,4,84,1,7,6,1,B
Male,26,2,4,1,86,0,8,6,0,A
Male,0,1,2,0,28,0,2,2,0,B
Male,15,3,6,5,56,2,4,4,1,A
Male,17,2,14,7,57,1,6,6,1,A
Male,22,7,18,26,85,3,8,2,3,A
Female,25,0,1,0,65,0,7,5,0,A
Female,33,6,28,6,118,1,8,7,1,A
Male,32,3,9,12,78,2,3,0,1,B
Female,9,0,2,4,49,2,10,5,1,B
Male,27,1,6,3,46,1,3,2,1,A
Male,8,1,5,0,36,0,3,0,0,B
Male,18,2,5,1,41,1,10,6,0,A
Male,16,1,5,6,53,1,6,4,1,B
Male,5,1,6,6,40,1,5,5,1,B
Female,4,3,10,11,31,2,8,4,1,B
Male,4,1,15,9,74,1,9,6,1,B
Male,2,0,2,3,38,1,4,3,1,B
Female,28,6,86,36,143,4,12,7,2,A
Female,24,0,3,3,65,0,5,4,0,A
Male,21,0,7,0,51,0,5,4,0,B
Male,19,0,8,5,60,2,4,4,1,A
Male,15,7,5,6,44,1,10,6,1,A
Male,24,2,12,15,58,1,7,7,1,A
Male,6,0,11,6,53,1,4,3,1,A
Male,21,2,4,7,56,1,7,4,1,B
Female,8,2,14,14,69,1,6,5,1,B
Male,0,0,2,0,38,0,3,3,0,B
Female,2,0,14,7,47,1,2,2,1,A
Male,12,0,4,2,47,1,4,4,1,B
Male,22,7,70,29,192,1,5,4,1,A
Male,10,2,6,3,54,1,15,6,1,B
Male,4,1,1,0,42,0,7,6,0,B
Male,15,7,13,11,55,2,4,3,2,A
Female,17,0,5,5,76,1,7,7,1,A
Male,20,0,11,5,72,1,8,7,1,A
Male,21,4,15,10,59,1,8,5,1,B
Male,0,1,1,1,26,0,2,2,0,B
Female,15,4,40,24,82,1,1,1,1,B
Male,19,0,5,4,38,1,7,6,1,A
Male,19,7,13,7,79,1,0,0,1,B
Male,4,0,0,0,51,0,9,6,0,B
Female,17,0,7,4,65,1,6,5,1,A
Male,18,0,7,4,63,1,7,6,1,B
Female,22,2,40,15,121,2,6,5,1,A
Male,32,3,26,4,100,2,8,6,0,B
Male,12,2,11,16,71,2,9,6,2,A
Female,5,1,7,6,36,1,6,3,1,B
Male,13,0,5,12,74,3,15,7,1,B
Female,4,0,0,1,32,1,4,4,1,A
Male,1,0,14,7,39,1,9,6,1,C
Male,5,1,15,7,60,1,8,6,1,A
Male,22,4,53,26,143,3,8,6,2,A
Female,33,13,13,12,110,1,10,8,1,A
Male,28,0,1,0,56,0,11,7,0,B
Male,14,4,1,2,47,1,6,5,1,B
Male,8,0,9,8,56,2,9,5,1,B
Female,16,5,12,15,83,1,7,7,1,A
Male,26,0,2,2,59,1,1,1,1,B
Female,25,6,8,5,71,1,6,5,1,A
Female,3,1,8,6,42,1,7,7,1,A
Male,22,7,51,34,156,1,10,7,1,A
Male,9,0,6,6,56,1,9,6,1,A
Female,13,0,7,10,57,1,2,2,1,B
Male,12,0,5,4,33,1,3,3,1,B
Male,15,2,8,6,65,1,5,5,1,A
Male,3,0,1,0,21,0,5,3,0,B
Female,7,1,4,12,72,1,5,5,1,A
Male,12,0,2,1,41,0,6,6,0,C
Male,15,0,4,9,71,1,7,5,1,A
Male,18,2,9,7,100,1,8,6,1,A
Male,7,2,11,9,54,1,6,6,1,A
Female,15,0,1,4,74,1,11,6,1,A
Male,4,1,7,11,45,2,5,2,1,B
Female,10,0,2,12,82,1,11,6,1,A
Male,24,2,7,7,56,2,6,4,1,C
Male,6,5,7,8,57,1,8,6,0,B
Female,12,2,9,7,45,1,7,6,1,A
Male,13,1,9,3,47,1,10,5,1,A
Female,14,1,19,14,47,1,6,3,1,A
Male,29,4,18,18,96,2,5,4,2,A
Male,19,2,24,15,113,2,7,7,1,A
Male,15,1,14,6,52,1,6,6,1,A
Female,25,0,4,3,49,1,5,5,1,B
Male,13,0,7,3,47,2,7,3,1,B
Female,33,2,42,38,137,1,11,8,1,A
Female,27,0,2,0,66,1,6,4,1,A
Female,19,2,8,10,75,2,6,4,2,B
Male,29,7,13,5,55,0,10,7,0,A
Male,22,0,6,6,99,1,4,4,1,A
Male,11,1,7,2,44,1,6,5,1,B
Male,23,1,4,7,78,1,9,7,1,B
Male,3,0,0,1,25,0,5,4,0,B
Female,37,1,34,12,119,2,6,6,1,B
Male,14,6,10,12,75,1,5,4,1,A
Female,10,0,5,8,56,2,6,6,1,A
Male,10,1,2,3,38,1,1,1,1,B
Male,5,0,5,6,31,1,3,3,1,B
Female,25,4,16,31,81,1,7,7,1,A
Female,16,8,24,6,83,1,10,4,1,A
Male,8,1,6,2,76,1,8,6,1,B
Male,27,8,25,21,105,3,6,2,2,B
Male,11,3,9,7,40,2,8,3,1,A
Female,13,6,8,8,55,1,9,9,1,A
Male,28,4,2,6,54,1,7,1,1,B
Male,19,4,429,74,609,1,26,9,1,A
Female,5,1,5,5,54,4,7,5,1,A
Male,9,2,6,2,34,0,4,2,0,A
Male,23,1,16,10,97,1,3,3,1,A
Male,34,2,9,6,83,1,9,3,1,A
Female,17,28,25,27,70,4,7,5,1,B
Male,0,2,6,4,49,1,9,4,1,B
Female,5,1,4,5,43,1,5,4,1,A
Male,20,6,21,19,72,1,9,4,1,A
Male,11,1,6,4,59,1,5,5,1,A
Female,27,2,23,6,86,1,9,7,1,A
Female,9,5,8,2,40,1,5,4,0,B
Female,27,0,21,5,85,1,7,5,1,A
Male,26,0,2,3,30,1,4,4,1,B
Male,25,0,2,1,53,0,6,3,0,B
Male,19,1,15,6,45,2,2,2,1,B
Female,17,0,2,4,66,1,5,3,1,A
Male,22,10,9,8,74,1,4,3,1,B
Male,31,1,6,1,47,0,5,5,0,B
Male,8,4,4,4,54,1,8,7,1,B
Male,26,0,4,2,62,1,9,7,1,A
Male,35,0,3,5,78,1,7,7,1,B
Male,21,3,4,4,55,2,8,5,1,A
Male,4,0,1,0,48,0,10,3,0,B
Male,12,5,46,54,69,8,9,7,4,A
Male,13,0,23,3,63,0,4,4,0,B
Male,30,3,21,17,62,4,7,4,1,B
Male,32,1,11,5,94,1,6,5,1,A
Male,18,0,1,0,49,0,8,7,0,B
Female,6,1,20,11,140,1,8,4,1,B
Male,17,1,8,4,47,1,11,9,1,A
Female,23,1,5,12,92,1,8,6,1,A
Male,16,3,20,10,53,1,8,7,1,A
Female,27,0,4,2,70,1,7,4,1,B
Male,26,3,5,7,72,2,3,2,1,B
Female,26,1,12,12,82,3,10,9,1,A
Male,27,1,8,2,72,1,6,6,1,A
Male,27,4,11,3,56,1,4,4,1,B
Male,19,8,2,14,64,2,4,4,2,A
Female,23,0,25,30,59,2,9,9,1,A
Male,24,7,21,5,71,1,9,7,0,A
Male,10,6,45,59,51,3,6,6,3,A
Male,7,0,12,12,36,2,10,6,2,A
Female,9,7,37,70,67,5,10,5,5,A
Male,10,16,10,10,49,4,6,6,4,B
Female,10,6,73,78,58,6,6,5,6,A
Male,1,4,5,23,25,4,6,6,4,B
Male,13,7,20,47,48,10,4,4,8,B
Male,18,8,13,11,42,3,12,1,3,A
Male,14,4,25,30,57,2,7,6,1,B
Male,3,1,8,14,21,3,3,3,3,B
Male,8,5,22,39,38,5,8,5,4,B
Male,3,0,11,4,28,1,6,6,1,B
Female,5,7,28,32,52,5,7,6,5,A
Male,8,3,8,3,22,0,5,5,0,B
Male,8,1,1,3,17,0,10,3,0,B
Male,33,4,2,7,21,1,4,4,1,C
Male,7,9,9,19,30,5,13,1,5,A
Male,0,2,12,22,24,4,14,1,4,A
Male,0,0,0,0,4,0,2,1,0,B
Male,14,5,46,52,69,6,11,1,6,B
Male,0,1,7,7,23,2,8,6,0,C
Male,19,17,12,17,61,0,11,6,0,C
Male,14,9,55,69,80,11,12,6,9,B
Male,4,1,5,16,22,7,5,4,6,B
Female,11,0,8,10,31,3,6,6,3,B
Female,7,1,16,26,29,6,7,6,6,B
Female,13,8,20,49,52,7,9,6,7,B
Female,16,0,8,9,31,1,5,4,1,D
Female,7,0,5,18,20,3,12,6,2,A
Male,26,1,11,13,54,1,13,6,1,B
Male,8,1,9,27,32,5,10,6,3,A
Male,10,38,46,52,56,3,7,4,2,A
Male,15,2,12,23,30,4,3,2,4,C
Male,37,0,5,20,38,4,7,6,4,B
Male,5,2,12,18,25,4,3,2,4,B
Male,5,0,0,19,22,6,7,6,6,B
Male,0,3,1,8,26,4,8,6,4,C
Male,9,0,0,1,25,0,8,6,0,C
Female,2,10,20,67,53,9,7,6,8,B
Male,0,0,0,1,19,0,7,5,0,B
Male,11,1,5,9,24,2,7,6,2,A
Female,18,4,14,29,53,5,13,6,5,A
Male,8,2,1,14,24,3,5,5,3,C
Male,0,0,0,3,4,3,2,1,3,C
Female,7,1,22,20,50,2,11,6,2,B
Female,24,14,12,46,49,9,27,5,6,A
Male,9,4,9,24,47,7,6,5,6,A
Female,17,0,4,10,24,2,6,6,2,B
Female,0,6,13,25,33,4,6,5,4,B
Male,16,0,1,1,32,1,6,6,1,B
Male,16,14,28,62,34,5,2,2,5,C
Male,1,3,6,11,21,1,6,6,1,B
Male,10,6,22,23,46,4,4,4,4,B
Male,8,3,11,24,47,4,14,6,4,C
Male,6,1,4,5,19,2,4,4,1,B
Male,13,14,8,20,37,1,8,4,1,B
Female,17,7,28,37,62,5,6,6,5,B
Male,9,9,30,48,61,6,10,5,5,A
Male,1,0,0,2,15,0,6,5,0,C
Male,19,0,7,25,24,3,10,5,3,C
Male,12,2,4,11,30,3,6,4,2,B
Male,0,2,2,7,16,1,7,6,1,B
Male,13,13,3,2,28,0,5,5,0,B
Male,3,0,5,5,19,2,9,4,2,B
Male,4,2,10,22,33,5,13,6,5,C
Female,6,1,8,19,32,5,5,4,5,B
Male,11,2,28,37,38,3,8,4,3,B
Female,19,1,9,37,31,3,7,4,3,C
Male,16,14,17,24,37,3,11,1,3,C
Female,17,3,12,20,31,6,5,4,5,B
Male,15,3,10,14,37,1,4,4,1,B
Male,11,1,1,2,12,1,5,4,1,C
Male,13,0,0,3,29,2,5,5,2,C
Female,11,7,16,53,27,5,4,4,5,B
Male,8,0,6,6,27,2,7,6,2,B
Male,7,1,1,3,22,1,7,5,1,B
Male,11,6,5,6,21,1,3,3,1,C
Male,0,1,8,2,13,0,3,1,0,C
Male,14,4,0,0,14,0,3,2,0,C
Male,9,0,14,32,34,3,8,5,3,C
Male,1,0,5,5,19,1,2,2,1,C
Male,11,4,39,44,70,13,7,5,13,B
Male,10,2,19,43,50,6,6,5,6,C
Female,6,2,36,33,61,5,4,4,5,B
Male,6,0,0,5,15,1,9,4,1,B
Male,5,3,9,19,29,5,5,5,5,A
Male,31,34,57,113,101,6,9,4,6,C
Male,8,8,8,14,32,0,4,4,0,B
Female,5,0,5,4,28,2,7,6,1,B
Female,15,1,0,15,19,3,5,4,3,B
Female,8,3,6,12,19,8,4,3,7,B
Male,2,2,7,20,19,4,13,4,3,B
Male,0,0,0,1,16,1,7,6,1,C
Female,2,5,25,41,52,15,6,4,12,B
Female,22,0,6,22,31,5,4,4,5,C
Female,20,8,23,39,77,3,10,6,3,A
Male,1,3,7,4,16,1,5,3,1,C
Male,17,1,6,12,38,2,5,5,2,B
Male,22,1,3,14,55,6,11,5,6,B
Female,17,3,1,26,36,11,6,5,8,B
Female,7,3,27,70,40,11,6,5,9,B
Female,14,1,14,33,51,9,3,3,8,B
Female,7,0,2,18,26,4,3,3,4,C
Male,15,3,6,10,30,1,3,3,1,C
Female,11,0,2,14,26,5,10,5,5,B
Male,14,12,58,94,91,25,9,5,13,A
Female,15,4,9,13,50,4,10,5,4,B
Male,3,6,0,6,11,2,5,5,2,B
Male,16,9,14,38,39,6,6,5,5,B
Female,11,0,9,6,23,1,8,4,1,B
Female,36,2,0,8,20,4,7,5,4,B
Male,9,0,5,3,21,2,7,2,1,C
Male,23,15,8,61,41,9,7,5,8,C
Female,11,0,0,10,23,5,5,4,5,C
Female,6,0,1,6,24,2,4,4,2,C
Male,20,19,35,48,64,10,7,4,8,A
Male,4,0,1,2,23,1,12,5,1,B
Male,26,4,4,9,47,0,7,5,0,C
Male,2,0,2,1,9,0,2,2,0,B
Male,25,1,4,24,49,2,12,6,2,B
Female,9,3,4,9,20,3,2,2,3,B
Male,10,0,1,4,23,1,5,5,1,A
Female,11,3,6,9,17,3,18,3,2,B
Female,7,0,8,9,20,5,5,5,5,B
Male,1,4,6,15,20,2,5,4,2,B
Male,24,17,102,99,169,6,9,5,0,C
Male,6,2,11,10,24,1,6,3,1,C
Female,7,0,4,8,22,3,1,1,3,B
Female,7,0,0,26,24,18,7,5,8,A
Female,5,1,2,9,19,4,6,5,4,B
Male,11,0,3,8,22,2,6,2,2,B
Female,16,3,4,44,22,10,13,4,6,B
Male,0,0,9,9,20,2,10,5,2,B
Male,30,23,26,44,60,9,9,5,8,A
Male,3,9,8,38,20,2,6,5,2,A
Male,18,2,22,30,50,5,6,5,4,B
Male,25,0,10,24,65,2,5,5,2,B
Male,12,4,10,11,36,2,2,2,1,A
Female,3,0,26,33,35,3,8,0,3,A
Male,8,9,8,28,33,11,3,3,11,B
Male,9,2,26,43,40,11,2,2,6,A
Male,0,0,0,0,0,0,0,0,0,E
Female,5,2,14,21,48,2,6,5,2,B
Male,26,0,10,18,51,1,7,5,1,B
Male,17,5,14,36,29,6,5,5,6,A
Male,13,17,43,75,75,10,10,6,9,A
Male,4,0,3,5,13,2,4,4,2,C
Male,37,1,3,8,69,2,11,5,2,C
Male,9,0,6,1,29,1,5,5,1,B
Male,5,5,14,20,41,3,5,4,3,C
Male,4,13,2,4,13,3,6,4,2,B
Male,8,5,15,24,45,5,8,0,3,B
Male,12,0,3,5,26,2,5,5,2,B
Male,1,0,0,15,10,13,3,2,9,B
Male,22,2,41,64,78,6,8,5,6,A
Male,28,2,16,37,43,3,7,5,3,B
Female,18,2,10,42,36,8,8,4,7,B
Female,6,0,4,8,19,3,4,4,3,B
Female,12,1,11,13,37,2,5,5,2,B
Male,2,0,0,3,12,14,5,5,14,C
Female,25,3,15,36,52,5,5,5,5,B
Male,9,5,14,27,32,5,6,6,5,B
Male,5,0,4,9,24,3,4,4,3,B
Male,7,0,7,12,28,1,6,5,1,B
Male,0,0,0,1,11,0,7,5,0,B
Male,13,23,12,34,46,6,7,5,6,A
Male,12,0,3,2,26,1,2,1,1,C
Male,3,3,19,29,36,4,7,6,4,B
Male,5,0,5,4,19,2,13,0,2,B
Male,8,8,6,15,23,2,1,1,1,C
Male,11,1,21,30,48,5,6,5,5,C
Male,11,0,1,5,42,2,11,6,2,B
Female,42,4,6,23,33,4,5,5,4,B
Male,19,4,4,9,23,2,4,3,2,A
Male,14,0,3,6,35,1,7,5,1,B
Male,3,4,12,24,33,5,8,5,5,C
Male,6,0,3,17,38,6,10,6,6,B
Male,6,4,18,59,60,7,6,6,7,A
Female,26,1,52,64,102,6,8,1,6,B
Male,16,9,48,75,80,3,5,4,3,B
Male,27,11,27,64,73,10,12,5,9,B
Male,5,0,1,2,8,2,1,0,2,B
Male,19,0,0,2,16,0,5,3,0,B
Male,10,2,17,31,50,8,6,4,8,B
Male,28,2,25,102,58,20,9,5,14,C
Male,31,17,44,62,112,7,5,4,6,A
Female,9,3,17,57,44,3,19,5,3,B
Male,20,7,13,19,46,1,6,5,1,B
Male,16,7,33,44,63,7,1,1,7,A
Male,14,3,46,76,97,10,10,4,10,C
Female,17,1,34,97,81,7,7,5,7,A
Male,17,1,11,10,34,1,3,2,1,C
Male,8,2,13,11,43,0,6,5,0,A
Female,10,3,22,23,52,5,7,5,3,B
Female,7,0,5,4,15,1,3,2,1,C
Male,8,1,10,11,29,4,4,4,4,B
Female,23,12,10,11,43,2,4,4,2,B
Male,1,0,7,15,22,6,5,5,6,B
Male,12,2,0,8,23,2,4,4,2,B
Male,11,0,8,18,34,0,3,3,0,A
Male,17,12,37,66,62,7,11,6,5,C
Female,14,3,13,17,41,4,13,6,4,B
Male,13,0,17,37,63,7,4,4,7,B
Male,14,1,6,11,22,2,4,3,2,B
Male,11,1,10,14,31,1,7,3,1,B
Male,10,1,7,34,21,7,6,5,6,B
Male,2,0,4,2,18,0,4,3,0,B
Male,0,0,1,1,9,0,4,3,0,C
Male,3,0,3,8,11,1,3,3,1,B
Male,6,0,20,22,50,1,7,6,1,B
Male,9,1,10,3,30,0,10,6,0,B
Male,4,5,16,18,31,3,6,5,3,B
Male,21,1,2,14,33,2,6,5,2,B
Female,9,0,2,2,19,0,3,2,0,C
Male,14,3,14,21,30,5,6,4,4,B
Male,1,1,9,20,25,7,10,4,7,B
Male,11,1,5,12,14,2,5,3,2,B
Male,18,1,12,12,38,1,6,6,1,B
Female,13,1,11,36,32,7,6,2,7,B
Male,3,1,5,5,23,1,7,5,1,B
Female,9,1,3,11,23,2,6,5,2,C
Female,17,2,19,95,53,10,5,4,8,B
Male,12,5,1,8,16,2,5,5,2,B
Male,4,13,2,2,20,2,7,6,1,C
Male,5,13,6,5,39,2,18,6,1,C
Male,8,3,13,26,50,4,14,4,4,B
Female,7,7,1,9,36,5,12,6,5,C
Female,14,5,45,51,83,10,12,5,6,B
Male,49,1,3,8,60,2,4,4,2,B
Male,8,6,13,9,36,3,5,5,3,A
Female,20,1,5,20,29,3,4,2,3,B
Male,5,2,5,6,27,4,3,3,3,A
Male,27,1,7,11,58,1,7,5,1,B
Male,3,5,3,8,23,2,4,4,2,B
Male,5,0,9,11,26,6,6,5,5,B
Male,6,4,0,4,15,1,5,5,1,C
Female,3,0,10,17,30,4,6,5,4,B
Male,7,10,29,73,45,7,5,4,5,A
Male,14,1,11,26,44,2,8,5,2,B
Male,14,10,21,53,59,7,6,4,7,B
Female,19,1,11,23,39,8,7,5,7,B
Male,15,3,2,10,23,1,4,4,1,B
Male,10,0,1,4,25,1,7,5,1,C
Male,14,1,3,47,42,9,7,4,8,B
Male,5,3,0,3,10,1,5,5,1,B
Female,9,1,8,46,31,8,11,4,8,B
Male,19,1,2,12,41,3,10,2,3,B
Male,3,0,3,16,14,3,3,3,3,B
Male,15,6,17,18,45,3,8,6,3,B
Male,0,0,5,2,11,1,4,4,1,C
Male,14,0,7,9,35,1,10,6,1,B
Male,3,0,7,27,25,6,9,5,6,B
Male,15,6,4,2,22,0,0,0,0,C
Male,4,2,11,19,25,7,4,4,4,C
Male,14,0,9,16,36,1,8,6,1,B
Male,22,5,12,9,46,2,4,4,2,B
Male,15,1,10,13,40,7,11,6,7,B
Male,12,3,13,49,38,8,5,5,7,A
Male,24,0,4,8,28,2,4,4,2,C
Male,8,0,8,5,23,2,9,0,2,C
Male,24,27,16,22,49,5,6,5,4,B
Female,7,1,8,27,24,7,5,4,5,B
Male,25,1,3,10,23,1,5,5,1,A
Male,5,3,19,13,23,2,4,2,1,B
Male,8,1,3,6,15,2,4,4,2,C
Female,10,0,1,11,33,5,8,6,5,B
Male,15,6,13,31,43,4,7,5,4,B
Male,16,0,11,19,36,3,4,4,3,B
Female,10,1,1,24,30,1,5,3,1,B
Male,18,4,24,32,63,5,6,4,4,A
Male,15,0,13,20,38,2,4,4,2,B
Female,17,1,7,12,28,7,5,4,7,B
Male,5,0,2,5,16,1,5,5,1,B
Male,13,3,5,1,33,0,8,5,0,C
Female,5,0,9,12,27,4,4,4,4,B
Male,0,0,1,2,9,0,3,3,0,B
Male,10,1,15,14,40,3,4,3,3,B
Male,8,3,22,33,34,4,2,2,4,A
Male,8,1,10,21,32,5,8,5,5,B
Male,2,1,7,7,15,3,5,5,1,B
Male,14,10,25,47,36,8,7,3,7,A
Male,19,2,10,13,36,1,6,4,1,C
Male,17,11,14,33,58,5,9,4,5,B
Male,16,0,9,6,17,3,0,0,3,C
Male,4,4,31,40,38,5,5,5,5,A
Male,19,3,17,17,57,3,12,0,3,B
Male,4,7,10,20,27,1,9,4,1,C
Female,9,0,0,1,19,1,9,5,1,B
Male,4,1,10,20,35,3,12,6,3,B
Female,6,2,9,8,16,5,3,3,5,B
Female,24,2,13,49,72,5,12,6,5,B
Male,17,5,19,9,30,1,4,3,1,B
Male,16,2,16,24,35,6,5,5,4,B
Male,19,0,12,9,49,3,21,5,3,C
Male,20,0,6,48,42,3,9,4,3,C
Male,1,3,6,4,19,0,5,5,0,C
Male,15,6,31,67,50,6,8,6,5,A
Male,11,0,17,6,47,2,6,4,2,B
Male,3,8,4,5,14,1,1,1,1,B
Female,10,0,0,20,28,4,6,5,4,B
Male,10,1,17,30,38,3,4,4,3,C
Male,15,0,0,23,39,1,8,5,1,C
Female,10,4,8,4,28,4,6,4,4,C
Male,20,5,18,35,51,8,5,4,8,B
Male,4,1,0,6,9,1,4,4,1,A
Male,14,2,7,18,29,7,12,2,5,B
Male,12,0,2,3,31,1,6,5,1,B
Male,15,1,14,25,39,3,3,2,3,B
Male,14,7,9,30,27,8,4,4,8,B
Male,6,1,0,6,13,1,3,3,1,B
Male,1,4,2,2,19,0,8,5,0,A
Male,5,1,5,6,23,2,9,4,2,B
Male,14,2,2,18,29,4,5,3,4,B
Male,18,0,4,7,33,3,4,4,3,B
Female,11,0,1,32,20,5,5,4,5,B
Male,4,1,5,11,18,0,4,4,0,B
Male,9,2,1,6,33,2,8,3,2,C
Male,21,1,14,24,58,2,7,5,2,B
Male,31,7,22,17,52,2,7,4,2,C
Female,12,1,7,21,32,8,6,5,8,B
Male,10,1,6,8,23,2,17,5,1,B
Female,13,0,7,42,27,10,4,4,10,B
Male,5,2,10,12,25,2,25,4,2,B
Female,5,0,3,7,23,2,8,6,2,B
Male,15,3,19,25,51,4,11,5,2,B
Male,15,1,1,9,22,1,3,2,1,C
Male,0,0,0,3,2,1,0,0,1,B
Male,19,11,28,44,46,8,5,5,7,A
Male,1,32,11,38,22,5,5,5,5,B
Male,4,0,2,8,18,2,5,5,2,C
Male,2,0,0,1,25,1,11,5,1,B
Male,2,0,1,7,13,1,4,4,1,C
Male,11,20,49,58,59,5,5,5,5,B
Female,16,1,6,19,29,2,6,5,2,B
Male,15,15,26,45,50,4,6,0,3,A
Female,7,0,6,12,22,3,6,4,3,B
Male,14,3,21,41,36,3,7,4,3,B
Male,13,2,19,16,41,1,12,4,1,B
Male,0,0,2,1,18,0,11,5,0,B
Male,0,0,0,0,21,0,9,6,0,C
Male,6,1,1,5,19,1,6,5,1,C
Male,28,1,12,22,49,0,5,2,0,B
Male,13,0,3,6,33,2,5,3,2,C
Male,9,0,3,9,31,2,7,4,2,A
Male,1,1,7,7,23,0,5,4,0,C
Male,13,5,10,15,31,3,7,5,3,A
Male,5,0,0,7,23,1,8,6,1,B
Male,23,0,4,12,32,4,6,5,4,B
Male,8,6,18,28,27,3,4,2,3,B
Male,10,10,18,78,58,13,15,0,11,C
Male,15,2,3,18,23,8,5,3,8,B
Female,21,3,19,33,44,2,6,4,2,B
Male,1,5,26,20,48,5,7,6,3,B
Female,12,1,3,6,30,1,3,3,1,B
Male,2,0,2,1,20,0,8,3,0,C
Male,1,0,5,9,24,2,8,5,2,B
Male,8,0,8,10,37,1,5,5,1,B
Male,8,11,3,8,15,3,3,3,3,B
Male,7,2,25,28,32,5,7,4,5,C
Male,8,10,10,25,25,6,1,1,6,B
Female,16,5,12,11,41,0,3,2,0,C
Male,43,2,17,23,62,3,5,4,2,B
Male,8,2,7,13,41,3,5,5,3,B
Male,16,6,19,22,56,3,5,4,3,B
Male,4,0,5,9,22,2,6,5,2,B
Female,11,3,25,35,58,3,11,3,3,A
Male,14,4,16,42,48,4,6,5,4,B
Male,29,12,18,45,65,4,5,5,4,B
Male,11,2,1,13,33,5,13,5,5,B
Female,10,2,8,28,35,8,6,5,7,B
Female,14,3,4,6,33,2,8,5,2,A
Male,3,4,42,63,36,9,2,2,7,B
Male,13,16,29,53,64,6,7,5,5,B
Female,18,2,5,14,19,4,5,4,4,A
Male,4,2,7,8,21,1,6,4,1,B
Male,8,4,4,11,24,3,8,4,3,B
Female,5,0,2,3,16,3,4,4,3,B
Male,9,46,67,203,99,5,4,3,4,A
Male,3,1,16,29,41,9,13,5,9,B
Male,12,1,14,20,26,3,3,2,2,B
Female,4,0,0,6,17,4,5,5,4,C
Male,15,10,17,36,24,5,1,1,4,B
Male,14,1,8,49,35,2,7,3,2,A
Female,23,1,5,21,33,2,5,5,2,C
Male,21,5,15,28,47,2,7,5,2,B
Male,0,0,2,15,6,1,2,2,1,B
Female,10,20,2,2,20,0,10,4,0,C
Male,7,2,7,27,35,6,6,5,6,B
Male,10,5,24,56,43,10,6,4,9,A
Male,6,2,13,22,24,3,6,6,3,B
Male,5,1,3,7,29,1,9,5,1,B
Male,1,0,2,5,7,1,3,1,1,B
Male,21,3,23,44,65,4,11,5,2,A
Male,12,3,22,28,31,3,3,3,3,B
Male,19,39,9,94,23,15,9,1,13,B
Female,13,0,30,23,52,4,2,2,3,B
Male,10,5,0,5,7,4,2,2,4,C
Male,7,1,13,35,23,5,9,5,5,B
Male,23,1,16,31,59,4,2,1,4,B
Male,28,6,20,10,61,0,6,3,0,C
Male,10,2,14,24,31,6,5,4,6,B
Male,1,4,22,38,24,5,3,3,5,B
Male,1,3,8,20,5,7,0,0,6,A
Male,10,8,13,9,33,3,3,2,2,B
Female,18,3,34,63,46,7,2,2,7,B
Female,10,1,14,18,36,3,3,3,2,A
Male,10,3,9,26,35,6,17,5,6,B
Male,0,0,1,4,4,2,2,0,2,B
Male,0,0,1,2,2,1,1,1,1,C
Male,7,3,5,8,18,3,4,3,3,B
Female,7,0,5,8,28,1,5,5,1,B
Female,14,3,7,19,24,1,1,1,1,B
Female,9,0,16,32,27,6,5,3,5,B
Male,12,4,10,77,44,5,12,6,5,A
Male,0,6,15,21,20,3,5,4,3,A
